id,family,generation,mature,mature_children,cells,changed,recognizable,parent,last_seen,mature_at
0,0,0,1,1,6,0,1,4294967295,76,-1
1,0,0,1,4,6,0,1,4294967295,208,-1
2,0,0,1,2,6,0,1,4294967295,329,-1
3,0,1,1,3,6,0,1,0,205,30
4,0,1,1,3,6,0,1,1,145,50
5,0,1,1,4,6,1,1,2,497,38
6,0,2,1,2,6,0,1,3,160,47
7,0,1,0,0,6,1,1,0,76,-1
8,0,1,1,3,6,0,1,2,185,56
9,0,3,1,2,6,0,1,6,183,54
10,0,2,1,1,6,0,1,4,102,57
11,0,2,1,2,6,1,1,5,250,102
12,0,4,0,0,6,1,1,9,74,-1
13,0,1,1,3,6,0,1,1,474,67
14,0,2,1,6,6,1,1,3,486,66
15,0,2,1,0,6,1,1,8,97,64
16,0,3,1,0,6,1,1,10,112,64
17,0,3,1,0,6,0,1,6,170,68
18,0,2,1,4,6,0,1,4,293,70
19,0,3,1,1,6,1,1,14,281,94
20,0,2,1,0,6,1,1,13,437,89
21,0,2,1,1,6,0,1,8,163,77
22,0,2,1,0,6,0,1,3,186,131
23,0,1,1,2,6,0,1,1,144,86
24,0,3,1,1,6,0,1,18,254,116
25,0,4,1,4,6,0,1,9,444,132
26,0,3,1,5,6,1,1,21,597,131
27,0,4,0,0,6,1,1,16,112,-1
28,0,2,1,5,6,0,1,8,584,100
29,0,2,1,0,6,1,1,4,165,93
30,0,2,1,0,6,0,1,23,179,93
31,0,1,1,2,6,1,1,1,293,99
33,0,3,0,0,6,0,1,30,112,-1
34,0,3,0,0,6,1,1,29,120,-1
35,0,2,1,0,6,1,1,13,455,136
36,0,2,1,1,6,0,1,23,238,122
37,0,2,0,0,6,0,1,4,129,-1
38,0,3,1,0,6,0,1,28,165,108
39,0,3,1,1,6,1,1,14,244,118
41,0,4,0,0,6,0,1,17,170,-1
42,0,3,1,3,6,1,1,11,257,111
43,0,1,0,0,6,0,1,1,136,-1
44,0,4,1,1,6,1,1,42,288,129
46,0,4,1,0,6,1,1,19,207,129
47,0,4,1,2,6,0,1,24,437,202
48,0,3,1,1,6,1,1,11,331,183
49,0,2,1,14,6,1,1,5,1149,174
51,0,3,1,2,6,0,1,36,379,129
52,0,2,1,1,6,1,1,31,302,178
53,0,3,1,0,6,1,1,18,306,149
55,0,2,0,0,6,1,1,8,185,-1
57,0,3,1,0,6,1,1,14,186,150
58,0,4,0,0,6,1,1,19,185,-1
59,0,4,1,0,6,0,1,9,199,159
60,0,2,0,0,6,0,1,13,208,-1
61,0,3,0,0,6,1,1,14,180,-1
63,0,3,1,1,6,1,1,18,416,204
65,0,3,0,0,6,0,1,22,184,-1
67,0,5,1,4,6,0,1,25,645,172
68,0,2,0,0,6,1,1,3,205,-1
69,0,4,1,0,6,1,1,26,204,177
71,0,5,1,0,6,0,1,25,257,187
74,0,3,0,0,6,0,1,36,238,-1
75,0,2,0,0,6,1,1,5,212,-1
76,0,4,1,1,6,1,1,39,546,190
77,0,4,1,3,6,1,1,42,684,191
79,0,5,1,0,6,1,1,44,507,192
81,0,4,0,0,6,1,1,48,253,-1
84,0,3,1,0,6,1,1,49,272,200
85,0,2,1,1,6,1,1,31,524,230
86,0,3,0,0,6,1,1,11,250,-1
88,0,4,1,0,6,1,1,26,367,200
90,0,3,1,3,6,1,1,14,892,211
91,0,3,1,0,6,1,1,28,559,272
92,0,3,0,0,6,1,1,35,241,-1
94,0,4,1,2,6,1,1,26,714,281
95,0,4,0,0,6,1,1,39,244,-1
96,0,4,1,0,6,1,1,42,385,216
97,0,3,1,1,6,1,1,18,677,219
98,0,4,0,0,7,1,0,24,254,-1
99,0,2,1,0,6,1,1,13,335,298
100,0,3,0,0,6,0,1,18,293,-1
101,0,4,0,0,6,1,1,19,281,-1
103,0,5,1,5,6,1,1,25,739,281
104,0,5,0,0,6,1,1,44,288,-1
106,0,5,1,1,6,0,1,47,655,258
107,0,2,1,6,6,1,1,5,822,308
110,0,2,0,0,6,1,1,31,293,-1
112,0,4,1,0,6,1,1,48,357,277
113,0,4,1,1,6,1,1,51,703,265
114,0,3,1,3,6,1,1,52,740,270
115,0,5,0,0,6,0,1,47,304,-1
117,0,4,1,1,6,0,1,51,727,284
118,0,4,0,0,6,1,1,53,306,-1
120,0,4,1,0,6,1,1,63,445,293
121,0,6,1,0,6,0,1,67,475,295
122,0,4,1,1,6,1,1,26,748,456
124,0,4,0,0,6,1,1,51,379,-1
126,0,1,0,0,6,0,1,2,329,-1
127,0,3,1,0,6,1,1,14,624,326
129,0,3,1,5,6,0,1,28,1064,368
130,0,3,0,0,6,1,1,35,422,-1
132,0,4,0,0,6,1,1,48,331,-1
133,0,4,0,0,6,1,1,63,362,-1
134,0,2,1,0,6,1,1,5,552,336
135,0,2,0,0,6,1,1,13,415,-1
138,0,3,1,2,6,1,1,49,827,368
140,0,6,1,0,6,1,1,67,580,342
141,0,3,1,0,6,1,1,14,539,385
144,0,2,0,0,6,1,1,5,497,-1
145,0,6,0,0,6,1,1,67,404,-1
147,0,5,1,1,6,1,1,25,775,413
148,0,3,0,0,6,1,1,20,437,-1
149,0,3,1,0,6,0,1,28,748,390
150,0,5,1,0,6,0,1,47,429,392
151,0,3,1,0,6,1,1,49,672,419
153,0,5,0,0,6,0,1,47,437,-1
154,0,3,0,0,6,1,1,14,486,-1
155,0,5,0,0,6,0,1,25,444,-1
157,0,3,1,0,6,1,1,28,577,518
159,0,3,1,0,6,1,1,49,569,451
161,0,5,1,0,6,1,1,76,469,446
162,0,5,1,0,6,1,1,77,792,444
163,0,6,0,0,6,1,1,79,507,-1
165,0,3,1,2,6,1,1,85,874,451
166,0,4,1,0,6,1,1,90,700,452
167,0,6,1,0,6,1,1,67,774,496
169,0,3,1,1,6,1,1,49,856,490
170,0,5,0,0,6,1,1,76,495,-1
172,0,5,1,0,6,1,1,77,693,486
173,0,4,1,1,6,1,1,26,822,497
174,0,5,1,1,6,1,1,77,885,583
175,0,3,0,0,6,1,1,85,524,-1
176,0,3,1,0,6,1,1,49,610,524
177,0,4,0,0,6,1,1,26,597,-1
178,0,4,1,0,6,1,1,90,731,530
180,0,4,0,0,6,1,1,91,552,-1
181,0,3,1,5,6,1,1,49,1040,550
183,0,3,0,0,6,0,1,28,580,-1
184,0,4,1,3,6,1,1,90,990,557
186,0,5,1,0,6,1,1,94,872,581
188,0,4,1,1,6,1,1,97,944,563
190,0,3,1,0,6,1,1,49,854,664
192,0,6,1,0,6,1,1,103,895,578
195,0,6,1,0,7,1,0,67,653,588
196,0,6,1,2,6,1,1,106,1002,587
198,0,3,1,0,6,1,1,107,659,591
199,0,6,0,0,6,0,1,67,645,-1
200,0,6,1,3,6,1,1,103,1070,617
202,0,6,0,0,6,1,1,106,655,-1
204,0,4,0,0,6,1,1,90,662,-1
205,0,5,1,0,6,1,1,94,763,655
206,0,4,0,0,6,1,1,97,669,-1
208,0,6,1,0,6,1,1,103,723,659
209,0,3,1,0,6,1,1,107,686,666
211,0,5,1,0,6,1,1,113,794,666
212,0,5,0,0,7,1,0,77,679,-1
214,0,5,0,0,6,1,1,94,714,-1
217,0,6,1,3,6,1,1,103,1133,677
218,0,4,1,0,6,1,1,114,706,680
219,0,5,1,0,6,0,1,117,917,683
220,0,3,1,0,6,1,1,107,933,686
221,0,4,0,0,6,1,1,90,744,-1
223,0,6,1,6,6,1,1,103,1282,693
225,0,4,1,2,6,1,1,114,1081,699
227,0,3,1,0,6,1,1,49,853,719
229,0,6,0,0,6,1,1,103,739,-1
231,0,3,1,0,6,1,1,107,773,714
233,0,4,1,0,6,1,0,114,849,721
234,0,5,1,0,6,1,1,122,938,725
236,0,3,1,3,6,1,1,107,1424,730
237,0,3,0,0,6,1,1,49,805,-1
239,0,4,1,0,6,0,1,129,1062,744
240,0,4,1,0,6,1,1,138,1040,746
243,0,6,1,0,6,1,1,147,848,747
244,0,6,0,0,6,1,1,162,792,-1
246,0,4,1,0,6,1,1,165,981,751
248,0,7,0,0,6,1,1,167,774,-1
250,0,4,1,0,6,1,1,169,1033,783
252,0,4,0,0,6,1,1,90,792,-1
253,0,3,1,5,6,1,1,107,1313,779
255,0,4,1,0,6,0,1,129,980,818
256,0,4,1,1,6,1,1,138,1083,782
257,0,4,1,0,6,1,1,165,1081,785
258,0,5,1,3,6,1,1,173,1272,786
260,0,3,0,0,6,1,1,107,815,-1
262,0,4,0,0,6,1,1,138,818,-1
263,0,4,0,0,6,1,1,165,874,-1
265,0,4,0,0,6,1,1,90,892,-1
267,0,4,0,0,6,1,1,169,856,-1
268,0,6,1,1,6,1,1,174,1115,850
270,0,4,1,0,6,1,1,181,1053,829
272,0,5,1,0,6,1,1,184,1013,833
273,0,6,0,0,6,1,1,186,872,-1
275,0,3,1,3,6,1,1,49,1276,863
277,0,4,1,0,6,0,1,129,1031,859
278,0,4,1,7,6,1,1,181,1397,860
279,0,5,1,0,6,1,1,184,903,862
280,0,5,1,3,6,1,1,188,1185,865
281,0,7,0,0,6,1,1,192,895,-1
283,0,4,1,0,6,0,1,129,902,891
285,0,4,1,1,6,1,1,181,1248,882
286,0,5,1,0,6,1,1,184,981,970
287,0,7,1,1,6,1,1,196,1119,886
289,0,3,1,0,6,1,1,49,976,923
290,0,7,1,0,6,1,1,200,1056,896
291,0,7,1,1,6,1,1,217,1169,928
293,0,6,0,0,6,1,1,219,917,-1
294,0,4,0,0,6,1,1,129,975,-1
296,0,4,0,0,6,1,1,220,925,-1
297,0,7,0,0,6,1,1,200,950,-1
298,0,7,1,0,6,1,1,196,1072,927
300,0,7,1,0,6,1,1,223,983,924
301,0,5,1,0,6,1,1,225,985,928
303,0,4,1,0,6,1,1,236,1067,933
305,0,3,1,0,6,1,1,49,1021,967
306,0,4,1,1,6,1,1,181,1164,945
308,0,7,0,0,6,1,1,196,1002,-1
309,0,4,1,0,6,1,1,181,1063,981
311,0,3,1,0,6,1,1,49,1068,1010
313,0,7,1,0,6,1,1,200,1170,987
315,0,7,1,0,6,1,1,217,1130,996
316,0,5,1,0,6,1,1,225,1075,1026
317,0,4,1,1,6,1,1,236,1214,991
319,0,5,0,0,6,0,1,239,1010,-1
321,0,4,0,0,6,1,1,181,1011,-1
323,0,4,1,1,6,1,1,129,1356,1029
324,0,7,1,0,6,1,1,200,1142,1014
325,0,7,1,2,6,1,1,217,1377,1046
326,0,7,1,2,6,1,1,223,1364,1018
327,0,5,0,0,6,1,1,240,1040,-1
330,0,3,1,0,6,1,1,49,1170,1076
332,0,7,0,0,6,1,1,200,1051,-1
335,0,4,1,0,6,1,1,236,1545,1244
336,0,4,0,0,6,1,1,129,1064,-1
337,0,4,1,2,6,1,1,253,1329,1046
339,0,5,1,0,6,1,1,256,1073,1047
340,0,7,1,3,6,1,1,223,1380,1139
343,0,5,0,0,6,1,1,257,1079,-1
344,0,4,1,0,6,1,1,253,1143,1084
347,0,5,0,0,6,1,1,256,1083,-1
348,0,6,1,3,6,1,1,258,1408,1068
350,0,7,1,0,6,1,1,268,1207,1071
352,0,4,1,0,6,1,1,275,1250,1073
354,0,5,1,1,6,1,1,278,1438,1091
355,0,7,0,0,6,1,1,217,1133,-1
357,0,6,1,0,6,1,1,280,1251,1077
359,0,5,1,0,6,1,1,285,1270,1089
360,0,8,1,0,6,1,1,287,1140,1080
363,0,6,1,4,6,1,1,258,1622,1095
364,0,7,0,0,6,1,1,268,1115,-1
365,0,8,1,0,6,1,1,291,1241,1086
368,0,5,1,0,6,1,1,306,1155,1088
369,0,3,0,0,6,1,1,49,1138,-1
370,0,4,1,0,6,1,1,275,1284,1094
371,0,6,1,0,6,1,1,280,1392,1094
373,0,4,1,0,6,1,1,253,1169,1123
374,0,6,1,1,6,1,1,258,1440,1203
375,0,4,1,3,6,1,1,275,1530,1205
377,0,4,1,0,6,1,1,253,1389,1156
379,0,5,1,5,6,1,1,278,1647,1144
380,0,6,1,0,6,1,1,280,1175,1155
382,0,5,0,0,6,1,1,306,1164,-1
384,0,5,0,0,6,1,1,285,1183,-1
385,0,8,0,0,6,1,1,313,1170,-1
386,0,5,1,0,6,1,1,317,1278,1153
387,0,5,1,2,6,1,1,278,1503,1207
389,0,7,1,1,6,1,1,223,1422,1193
391,0,4,0,0,6,1,1,253,1186,-1
392,0,5,1,1,6,1,1,323,1453,1191
393,0,8,1,1,6,1,1,325,1492,1176
396,0,8,1,3,6,1,1,326,1875,1176
398,0,5,1,0,6,1,1,337,1392,1178
399,0,8,1,0,6,1,1,340,1548,1182
400,0,7,1,0,6,1,1,348,1283,1182
402,0,9,1,1,5,1,0,393,1343,1191
405,0,5,0,0,6,1,1,317,1214,-1
406,0,8,1,0,6,1,1,326,1251,1197
407,0,5,0,0,6,1,1,352,1250,-1
408,0,10,1,3,5,1,0,402,1541,1213
410,0,4,1,0,6,1,1,253,1287,1220
411,0,11,1,1,5,1,0,408,1327,1267
412,0,10,0,0,5,1,0,402,1343,-1
414,0,7,1,7,6,1,1,223,2153,1247
416,0,4,0,0,6,1,1,253,1280,-1
418,0,4,0,0,6,1,1,275,1276,-1
420,0,5,1,0,6,1,1,278,1637,1257
422,0,5,0,0,6,1,1,323,1298,-1
423,0,7,1,0,6,1,1,223,1308,1261
424,0,12,1,2,5,1,0,411,1353,1276
426,0,5,1,0,6,1,1,278,1301,1278
427,0,11,1,0,5,1,0,408,1371,1301
428,0,13,1,1,5,1,0,424,1349,1294
429,0,4,0,0,6,1,1,236,1424,-1
430,0,8,1,0,6,1,1,325,1474,1287
431,0,5,1,0,6,1,1,337,1336,1288
433,0,8,1,0,6,1,1,340,1334,1290
435,0,12,0,0,5,1,0,411,1327,-1
436,0,4,0,0,6,1,1,253,1313,-1
437,0,5,1,0,6,1,1,278,1373,1312
438,0,14,1,5,5,1,0,428,1664,1305
439,0,13,1,7,5,1,0,424,2019,1311
441,0,14,0,0,5,1,0,428,1349,-1
443,0,15,1,3,5,1,0,438,1521,1386
444,0,5,0,0,6,1,1,323,1356,-1
445,0,13,0,0,5,1,0,424,1353,-1
446,0,8,0,0,6,1,1,325,1377,-1
448,0,5,1,3,6,1,1,278,2053,1343
449,0,8,0,0,6,1,1,326,1364,-1
450,0,8,1,0,6,1,1,340,1393,1343
451,0,12,0,0,5,1,0,427,1371,-1
452,0,9,0,0,5,1,0,450,1393,-1
453,0,7,1,0,6,1,1,348,1666,1354
454,0,11,1,2,5,1,0,408,1578,1421
455,0,5,0,0,6,1,1,278,1397,-1
456,0,6,1,0,6,1,1,354,1446,1417
457,0,7,1,3,6,1,1,363,2270,1364
458,0,7,1,4,6,1,1,348,2508,1368
459,0,7,0,0,6,1,1,371,1392,-1
460,0,7,1,0,6,1,1,374,1835,1375
461,0,7,1,0,6,1,1,363,1790,1433
463,0,5,1,0,6,1,1,375,2004,1382
464,0,5,0,0,6,1,1,335,1545,-1
466,0,6,1,0,6,1,1,379,1426,1385
468,0,14,1,1,5,1,0,439,1526,1435
469,0,7,0,0,6,1,1,374,1440,-1
470,0,16,1,0,5,1,0,443,1449,1395
473,0,5,1,0,6,1,1,375,2103,1404
475,0,6,1,2,6,1,1,379,2361,1485
476,0,6,1,0,6,1,1,387,1581,1400
477,0,15,1,8,5,1,0,438,2410,1435
478,0,8,1,0,6,1,1,389,1432,1403
479,0,6,1,0,6,1,1,392,1571,1404
480,0,17,0,0,5,1,0,470,1449,-1
481,0,16,1,1,5,1,0,443,1594,1414
483,0,12,1,2,5,1,0,454,1620,1428
484,0,17,1,6,5,1,0,481,1890,1446
486,0,6,1,2,6,1,1,387,2662,1434
487,0,6,0,0,6,1,1,392,1453,-1
489,0,13,1,0,5,1,0,483,1548,1503
491,0,5,1,0,6,1,1,375,2050,1468
493,0,16,1,8,5,1,0,443,2027,1446
494,0,15,1,0,5,1,0,438,1612,1471
495,0,7,1,0,6,1,1,363,1510,1469
497,0,15,1,1,5,1,0,468,1626,1455
498,0,12,1,8,5,1,0,454,2254,1512
500,0,6,0,0,6,1,1,387,1480,-1
502,0,9,0,0,6,1,1,393,1478,-1
503,0,17,0,0,5,1,0,481,1594,-1
504,0,15,1,1,5,1,0,438,1784,1522
506,0,5,0,0,6,1,1,375,1530,-1
507,0,14,1,1,5,1,0,439,1764,1496
510,0,9,1,0,6,1,1,396,1739,1503
511,0,7,1,4,6,1,1,363,2855,1577
513,0,14,1,0,5,1,0,439,1745,1636
514,0,6,1,1,6,1,1,379,2609,1532
515,0,9,1,0,6,1,1,396,1642,1601
516,0,15,1,0,5,1,0,438,1973,1620
517,0,8,1,0,6,1,1,414,2219,1541
518,0,12,0,0,5,1,0,454,1578,-1
519,0,16,1,1,5,1,0,477,2110,1626
521,0,13,1,0,5,1,0,483,1900,1554
522,0,6,1,0,6,1,1,379,1578,1556
523,0,18,1,0,5,1,0,484,1618,1571
524,0,13,0,0,5,1,0,483,1620,-1
525,0,18,1,2,5,1,0,484,2141,1584
528,0,17,1,0,5,1,0,493,2082,1584
530,0,6,1,0,6,1,1,379,2910,1589
531,0,16,1,0,5,1,0,497,1642,1588
532,0,13,1,0,5,1,0,498,1676,1592
533,0,7,0,0,6,1,1,363,1622,-1
534,0,18,1,0,5,1,0,484,1993,1618
535,0,17,1,1,5,1,0,493,2117,1623
537,0,6,0,0,6,1,1,379,1647,-1
538,0,8,1,0,6,1,1,414,2303,1629
539,0,6,1,0,6,1,1,448,2085,1630
540,0,18,1,1,5,1,0,484,2198,1671
541,0,13,1,1,5,1,0,498,2381,1632
542,0,16,1,0,5,1,0,477,1990,1769
544,0,17,1,0,5,1,0,493,1702,1673
546,0,9,1,0,6,1,1,396,2274,1653
548,0,8,1,0,6,1,1,414,1683,1655
549,0,14,1,0,5,1,0,439,1734,1657
550,0,13,1,0,5,1,0,498,1920,1670
552,0,16,1,0,5,1,0,504,1839,1674
553,0,15,1,24,5,1,0,507,3453,1682
554,0,18,1,0,5,1,0,484,1864,1725
555,0,17,1,7,5,1,0,493,2510,1708
556,0,14,1,2,5,1,0,439,2466,1740
557,0,17,1,0,5,1,0,493,1798,1745
559,0,13,1,1,5,1,0,498,2213,1747
560,0,14,1,4,5,1,0,439,2902,1767
561,0,18,1,0,5,1,0,484,2324,1789
562,0,17,1,0,5,1,0,493,2403,1795
563,0,16,1,0,5,1,0,477,2057,1892
565,0,18,0,0,5,1,0,484,1890,-1
566,0,17,1,1,5,1,0,493,2527,1841
567,0,9,0,0,6,1,1,396,1875,-1
568,0,14,1,0,5,1,0,439,2464,1875
570,0,17,1,0,5,1,0,493,1922,1881
571,0,13,1,0,5,1,0,498,2457,1885
572,0,16,0,0,5,1,0,516,1973,-1
573,0,8,1,0,6,1,1,414,2008,1901
575,0,16,1,4,5,1,0,477,2814,1909
576,0,16,1,8,5,1,0,477,3100,1927
578,0,17,1,0,5,1,0,519,2042,1930
579,0,17,0,0,5,1,0,493,2027,-1
580,0,8,1,3,6,1,1,414,3132,1980
581,0,14,0,0,5,1,0,439,2019,-1
582,0,13,1,0,5,1,0,498,2557,1996
583,0,6,1,2,6,1,1,448,3224,2001
585,0,17,0,0,5,1,0,519,2110,-1
587,0,6,1,0,6,1,1,448,2310,2015
588,0,8,1,0,6,1,1,414,2069,2054
589,0,13,1,1,5,1,0,498,2708,2037
590,0,8,1,1,6,1,1,457,3128,2039
592,0,8,1,0,6,1,1,457,2921,2053
594,0,19,1,1,5,1,0,525,2817,2058
596,0,18,0,0,5,1,0,528,2082,-1
597,0,18,1,0,5,1,0,535,2850,2063
598,0,19,1,0,5,1,0,525,2391,2087
600,0,13,1,1,5,1,0,498,3030,2143
603,0,18,0,0,5,1,0,535,2117,-1
604,0,8,1,0,6,1,1,414,2361,2093
605,0,19,1,0,5,1,0,540,2143,2099
607,0,19,0,0,5,1,0,525,2141,-1
608,0,14,1,0,5,1,0,541,2526,2113
609,0,8,0,0,6,1,1,414,2153,-1
611,0,8,1,0,6,1,1,457,2150,2125
612,0,8,1,0,6,1,1,458,2415,2201
613,0,18,1,0,5,1,0,555,2656,2145
615,0,15,1,0,5,1,0,556,2373,2147
616,0,7,1,0,6,1,1,475,2557,2153
618,0,14,1,0,5,1,0,559,2279,2156
620,0,13,0,0,5,1,0,498,2254,-1
621,0,16,1,0,6,1,0,477,2938,2164
622,0,18,1,0,5,1,0,555,2421,2192
623,0,15,1,0,5,1,0,556,2410,2272
624,0,8,0,0,6,1,1,457,2270,-1
626,0,16,1,0,5,1,0,477,2328,2263
627,0,8,1,0,6,1,1,458,2422,2262
628,0,14,0,0,5,1,0,541,2326,-1
629,0,8,1,2,6,1,1,458,3454,2305
632,0,7,1,0,6,1,1,475,2319,2282
633,0,16,1,0,5,1,0,477,2625,2307
635,0,16,1,0,5,1,0,553,2340,2289
636,0,7,0,0,6,1,1,475,2361,-1
639,0,16,1,1,5,1,0,553,2926,2316
640,0,18,1,0,5,1,0,555,2433,2320
642,0,16,1,0,5,1,0,553,2720,2330
644,0,18,1,3,5,1,0,555,3054,2333
645,0,14,0,0,5,1,0,541,2376,-1
647,0,16,1,1,5,1,0,553,3083,2346
648,0,16,1,0,5,1,0,553,2851,2365
650,0,18,1,2,5,1,0,555,3096,2367
651,0,15,0,0,5,1,0,556,2466,-1
652,0,8,1,0,6,1,1,458,3071,2372
653,0,16,0,0,5,1,0,477,2410,-1
654,0,16,1,2,5,1,0,553,3100,2388
655,0,18,1,0,5,1,0,555,2988,2391
656,0,18,1,7,5,1,0,555,3633,2409
657,0,15,1,0,5,1,0,560,2567,2459
658,0,18,1,0,5,1,0,566,2753,2416
659,0,15,0,0,5,1,0,568,2464,-1
660,0,18,0,0,5,1,0,555,2510,-1
661,0,14,0,0,5,1,0,571,2447,-1
662,0,17,1,3,5,1,0,575,3344,2428
663,0,17,1,0,5,1,0,576,3131,2436
664,0,17,1,0,5,1,0,575,2852,2498
666,0,8,0,0,6,1,1,458,2508,-1
667,0,7,1,0,6,1,1,486,2510,2471
668,0,8,1,0,6,1,1,511,2800,2473
669,0,7,1,1,6,1,1,514,3416,2477
671,0,7,1,4,6,1,1,486,3832,2515
672,0,16,1,0,5,1,0,553,2896,2516
674,0,15,1,0,5,1,0,560,2725,2573
675,0,17,1,0,5,1,0,575,3152,2527
676,0,17,1,0,5,1,0,576,3107,2520
677,0,17,1,1,5,1,0,576,3446,2532
679,0,14,1,21,5,1,0,589,4704,2536
680,0,16,1,0,5,1,0,553,2661,2563
681,0,17,1,0,5,1,0,575,3226,2659
682,0,16,1,0,5,1,0,553,2796,2647
684,0,15,1,0,5,1,0,560,3238,2638
685,0,7,0,0,6,1,1,486,2653,-1
687,0,15,1,0,5,1,0,560,2879,2677
689,0,14,0,0,5,1,0,589,2708,-1
690,0,20,1,0,5,1,0,594,3019,2667
692,0,8,1,0,6,1,1,511,2947,2672
693,0,16,1,2,5,1,0,553,3385,2713
695,0,8,1,1,6,1,1,511,3791,2719
696,0,16,1,0,5,1,0,553,3163,2725
697,0,15,0,0,5,1,0,560,2902,-1
698,0,17,0,0,5,1,0,575,2814,-1
699,0,16,1,11,5,1,0,553,3807,2792
700,0,16,1,0,5,1,0,553,2883,2825
701,0,17,1,0,5,1,0,576,3334,2815
702,0,19,0,0,5,1,0,597,2850,-1
703,0,8,1,0,6,1,1,511,3164,2828
704,0,16,1,0,5,1,0,553,3280,2874
705,0,17,1,0,5,1,0,576,2939,2874
707,0,14,1,0,5,1,0,600,2960,2858
708,0,17,1,0,5,1,0,639,3047,2860
709,0,19,1,0,5,1,0,644,2949,2861
710,0,17,0,0,5,1,0,639,2926,-1
711,0,7,0,0,6,1,1,530,2910,-1
712,0,16,1,4,5,1,0,553,3538,2902
713,0,17,1,3,5,1,0,576,3877,2908
714,0,19,1,0,5,1,0,644,3432,2912
716,0,16,1,0,5,1,0,553,3060,2930
717,0,17,1,1,5,1,0,576,3925,2972
719,0,17,1,0,5,1,0,647,2989,2927
720,0,19,1,0,5,1,0,644,3056,2969
722,0,9,1,0,6,1,1,580,3257,2938
723,0,16,1,4,5,1,0,553,3951,2987
724,0,17,0,0,5,1,0,647,3083,-1
725,0,19,1,0,5,1,0,650,3480,2953
728,0,17,1,0,5,1,0,654,3247,2955
729,0,19,0,0,5,1,0,655,2988,-1
730,0,14,0,0,5,1,0,600,3030,-1
732,0,19,0,0,5,1,0,644,3054,-1
734,0,9,1,3,6,1,1,580,4053,3002
735,0,16,1,0,5,1,0,553,3160,3068
737,0,17,1,0,5,1,0,576,3185,3040
738,0,9,1,0,6,1,1,580,3955,3086
739,0,19,1,0,5,1,0,650,3288,3047
740,0,17,1,1,5,1,0,654,3894,3057
741,0,19,0,0,5,1,0,650,3096,-1
742,0,17,0,0,5,1,0,576,3100,-1
743,0,19,1,3,5,1,0,656,4016,3066
744,0,17,0,0,5,1,0,654,3100,-1
746,0,16,1,0,5,1,0,553,3735,3081
747,0,7,1,0,6,1,1,583,4153,3094
748,0,19,1,1,5,1,0,656,4078,3101
749,0,9,0,0,6,1,1,580,3132,-1
750,0,9,1,4,6,1,1,590,4535,3107
751,0,18,0,0,5,1,0,663,3131,-1
752,0,18,0,0,5,1,0,675,3152,-1
753,0,7,1,0,6,1,1,583,4430,3121
754,0,19,1,0,5,1,0,656,3327,3122
756,0,16,1,3,5,1,0,553,4641,3139
757,0,19,1,0,5,1,0,656,3690,3161
759,0,9,1,0,6,1,1,629,3936,3139
760,0,18,1,0,6,1,0,662,3877,3142
761,0,8,1,0,6,1,1,671,4434,3143
762,0,16,1,0,5,1,0,553,3261,3171
763,0,18,1,0,5,1,0,662,3266,3169
764,0,18,1,0,5,1,0,677,3257,3167
765,0,7,0,0,6,1,1,583,3224,-1
766,0,15,1,0,5,1,0,679,3392,3181
767,0,19,1,0,5,1,0,656,3480,3287
768,0,18,1,0,5,1,0,662,3782,3231
769,0,9,1,0,6,1,1,629,4171,3271
770,0,15,1,0,5,1,0,679,4083,3289
771,0,17,1,0,5,1,0,693,3275,3257
772,0,16,1,2,5,1,0,553,4371,3261
773,0,17,1,0,5,1,0,699,4152,3262
775,0,17,1,0,5,1,0,712,3913,3267
776,0,8,1,2,6,1,1,669,4737,3272
777,0,16,1,0,5,1,0,553,3487,3349
778,0,18,0,0,5,1,0,677,3446,-1
779,0,17,1,0,5,1,0,693,3813,3286
781,0,17,1,8,5,1,0,699,4591,3294
782,0,19,1,0,5,1,0,656,3683,3364
784,0,15,1,0,5,1,0,679,4239,3346
785,0,17,0,0,5,1,0,693,3385,-1
786,0,17,1,0,5,1,0,699,3517,3349
787,0,16,1,1,5,1,0,553,4290,3391
788,0,9,0,0,6,1,1,629,3454,-1
789,0,19,1,0,5,1,0,656,3638,3487
791,0,16,0,0,5,1,0,553,3453,-1
792,0,15,1,0,5,1,0,679,3751,3487
793,0,17,1,6,5,1,0,699,4687,3442
794,0,17,1,0,5,1,0,699,3626,3454
795,0,17,1,0,5,1,0,712,3482,3459
796,0,18,1,5,5,1,0,713,4951,3460
797,0,18,1,0,5,1,0,717,3494,3460
798,0,20,0,0,5,1,0,725,3480,-1
799,0,17,1,0,5,1,0,712,3527,3485
801,0,8,1,0,6,1,1,671,3523,3487
802,0,9,1,0,6,1,1,695,3792,3491
803,0,17,1,0,5,1,0,699,3713,3495
804,0,17,1,0,5,1,0,712,4679,3497
805,0,18,0,0,5,1,0,717,3657,-1
807,0,15,1,1,5,1,0,679,4786,3535
808,0,17,1,0,5,1,0,699,4122,3532
810,0,18,0,0,5,1,0,713,3591,-1
811,0,17,1,0,5,1,0,699,4315,3547
812,0,19,0,0,5,1,0,656,3633,-1
813,0,15,1,0,5,1,0,679,3915,3642
814,0,17,1,4,5,1,0,699,4814,3639
815,0,8,1,0,6,1,1,671,3757,3645
816,0,17,1,0,5,1,0,723,4215,3648
817,0,15,1,0,5,1,0,679,4921,3685
818,0,17,1,4,5,1,0,699,4974,3693
819,0,15,1,0,5,1,0,679,4351,3702
820,0,15,1,0,5,1,0,679,4557,3774
821,0,17,1,0,5,1,0,699,4510,3764
823,0,8,1,0,6,1,1,671,4086,3763
824,0,17,0,0,5,1,0,699,3807,-1
825,0,15,1,1,5,1,0,679,4772,3840
828,0,18,1,0,5,1,0,713,4633,3798
829,0,8,0,0,6,1,1,671,3817,-1
831,0,18,0,0,5,1,0,717,3880,-1
832,0,17,1,0,5,1,0,723,3900,3817
834,0,10,1,0,6,1,1,734,5151,3858
835,0,18,1,0,5,1,0,740,4141,3823
836,0,18,1,0,5,1,0,713,4476,3842
837,0,15,1,20,5,1,0,679,5592,3880
838,0,17,1,3,5,1,0,723,5019,3883
839,0,20,1,0,5,1,0,743,4832,3886
840,0,15,1,0,5,1,0,679,4380,3939
842,0,17,1,0,5,1,0,723,4216,3910
843,0,20,1,0,5,1,0,743,4711,3919
845,0,17,0,0,5,1,0,723,3951,-1
847,0,20,1,1,5,1,0,743,5067,3942
848,0,15,1,6,5,1,0,679,5444,3971
850,0,10,1,0,6,1,1,734,3991,3958
852,0,20,0,0,5,1,0,743,4016,-1
853,0,15,1,0,5,1,0,679,4893,4024
855,0,20,1,0,5,1,0,748,4873,4002
856,0,10,1,0,6,1,1,734,4196,4023
857,0,17,1,0,5,1,0,756,4408,4026
858,0,15,1,2,5,1,0,679,5078,4068
859,0,15,1,0,5,1,0,679,4968,4111
860,0,17,1,0,5,1,0,756,4221,4119
861,0,10,0,0,5,1,0,769,4115,-1
863,0,8,0,0,6,1,1,747,4153,-1
865,0,15,1,1,5,1,0,679,5148,4199
866,0,17,1,0,5,1,0,756,4191,4158
868,0,17,1,0,5,1,0,772,4190,4151
869,0,18,1,0,5,1,0,781,4355,4192
871,0,16,0,0,5,1,0,784,4239,-1
872,0,10,1,1,6,1,1,750,5305,4165
874,0,17,1,0,5,1,0,772,4598,4191
875,0,17,1,0,5,1,0,787,4263,4196
876,0,18,1,0,5,1,0,793,4546,4200
879,0,19,1,0,5,1,0,796,4872,4202
880,0,15,1,2,5,1,0,679,5122,4325
881,0,18,1,0,5,1,0,781,4709,4222
882,0,17,0,0,5,1,0,772,4358,-1
883,0,10,1,0,6,1,1,750,4615,4314
884,0,18,1,0,5,1,0,781,4521,4328
885,0,18,1,2,5,1,0,793,5573,4295
886,0,18,1,7,5,1,0,793,5543,4318
887,0,19,1,0,5,1,0,796,4443,4325
888,0,15,1,1,5,1,0,679,5473,4403
889,0,18,1,0,5,1,0,781,4989,4361
890,0,10,1,0,6,1,1,750,4764,4366
891,0,18,1,0,5,1,0,781,5076,4400
893,0,18,1,4,5,1,0,793,5743,4404
894,0,15,1,0,5,1,0,679,5323,4449
896,0,18,1,7,5,1,0,781,5854,4438
897,0,10,1,0,6,1,1,750,5039,4445
898,0,18,1,3,5,1,0,781,5803,4500
899,0,18,1,9,5,1,0,793,6796,4484
900,0,15,1,0,5,1,0,679,5121,4549
901,0,18,1,8,5,1,0,781,7199,4531
902,0,19,1,1,4,1,0,901,4604,4539
903,0,20,1,0,4,1,0,902,4660,4558
904,0,18,1,0,5,1,0,793,5402,4556
905,0,20,0,0,4,1,0,902,4604,-1
906,0,21,0,0,4,1,0,903,4660,-1
907,0,15,0,0,5,1,0,679,4704,-1
908,0,18,0,0,5,1,0,793,4687,-1
909,0,17,0,0,6,1,0,756,4641,-1
910,0,9,1,0,6,1,1,776,4686,4627
911,0,19,1,0,5,1,0,796,5182,4647
913,0,9,1,0,6,1,1,776,4938,4652
914,0,19,1,0,5,1,0,796,5673,4666
915,0,9,0,0,6,1,1,776,4729,-1
916,0,19,1,0,5,1,0,796,5226,4689
918,0,16,1,0,5,1,0,807,5037,4689
919,0,18,1,0,5,1,0,814,5693,4693
920,0,16,0,0,5,1,0,817,4737,-1
921,0,18,1,0,5,1,0,814,4759,4710
923,0,16,0,0,5,1,0,807,4786,-1
924,0,18,1,3,5,1,0,818,7199,4717
926,0,16,1,0,5,1,0,825,4751,4721
928,0,18,1,0,5,1,0,814,5653,4735
929,0,18,1,0,5,1,0,818,5473,4743
930,0,16,1,1,5,1,0,837,6393,4743
932,0,18,1,0,5,1,0,814,5821,4761
933,0,18,1,0,5,1,0,818,5011,4854
934,0,18,0,0,5,1,0,814,4814,-1
935,0,16,1,0,5,1,0,837,5102,4782
936,0,19,0,0,5,1,0,796,4951,-1
937,0,16,1,0,5,1,0,837,5236,4816
938,0,18,1,0,5,1,0,838,5784,4820
939,0,16,1,0,5,1,0,837,7199,4837
940,0,16,1,0,5,1,0,837,5202,4900
941,0,18,1,0,5,1,0,838,4979,4879
942,0,21,1,0,5,1,0,847,5425,4886
943,0,18,1,0,5,1,0,818,7199,4927
945,0,16,1,0,5,1,0,837,6545,4944
946,0,16,1,0,5,1,0,837,7199,4973
947,0,18,1,0,5,1,0,838,6076,4957
948,0,18,0,0,5,1,0,838,5019,-1
950,0,16,1,0,5,1,0,848,7199,5023
951,0,16,1,0,5,1,0,837,5261,5033
953,0,16,1,0,5,1,0,858,5034,4992
954,0,16,1,0,5,1,0,858,5667,5021
955,0,16,1,0,5,1,0,865,6333,5021
956,0,16,1,0,5,1,0,880,7199,5025
957,0,16,0,0,5,1,0,865,5148,-1
959,0,16,1,0,5,1,0,880,5374,5068
960,0,19,1,0,5,1,0,885,7199,5044
961,0,16,1,0,5,1,0,837,7199,5049
963,0,16,1,0,5,1,0,837,5513,5077
964,0,16,0,0,5,1,0,880,5122,-1
965,0,19,1,0,5,1,0,886,6226,5088
967,0,19,1,0,5,1,0,886,6260,5108
969,0,19,1,0,5,1,0,886,7199,5127
970,0,11,0,0,6,1,1,834,5151,-1
971,0,16,1,0,5,1,0,848,5445,5209
973,0,16,1,0,5,1,0,837,7199,5156
975,0,19,1,0,5,1,0,886,7199,5157
976,0,11,1,0,6,1,1,872,5960,5160
977,0,16,1,0,5,1,0,888,5182,5161
978,0,16,1,0,5,1,0,837,7199,5187
979,0,19,1,0,5,1,0,886,5372,5208
980,0,16,1,0,5,1,0,837,5371,5240
982,0,16,1,0,5,1,0,848,5442,5236
983,0,19,1,0,5,1,0,885,5412,5300
984,0,16,1,0,5,1,0,837,7199,5261
986,0,16,1,0,5,1,0,848,7199,5267
987,0,16,1,0,5,1,0,837,7199,5311
989,0,16,1,0,5,1,0,848,5686,5333
990,0,16,1,0,5,1,0,837,5586,5373
991,0,16,1,0,5,1,0,848,7199,5377
992,0,19,1,0,5,1,0,886,7199,5380
993,0,16,1,0,5,1,0,837,7199,5408
994,0,16,0,0,5,1,0,848,5444,-1
995,0,16,1,0,5,1,0,837,7199,5441
996,0,19,1,0,5,1,0,886,7199,5448
997,0,16,0,0,5,1,0,888,5473,-1
998,0,19,0,0,5,1,0,885,5573,-1
999,0,16,1,0,5,1,0,837,6162,5478
1001,0,19,1,0,5,1,0,893,7199,5479
1003,0,19,1,0,6,1,0,896,6700,5484
1004,0,16,1,0,5,1,0,837,7199,5517
1005,0,16,0,0,5,1,0,837,5592,-1
1007,0,19,1,0,5,1,0,893,7199,5579
1008,0,19,1,0,5,1,0,896,7199,5582
1009,0,19,1,0,5,1,0,893,7199,5594
1010,0,19,1,0,5,1,0,896,6759,5598
1011,0,19,1,0,5,1,0,898,5855,5602
1013,0,19,1,0,5,1,0,893,7199,5663
1014,0,19,1,0,5,1,0,896,7199,5673
1015,0,19,0,0,5,1,0,893,5743,-1
1017,0,19,1,0,5,1,0,896,5767,5696
1019,0,19,1,0,5,1,0,898,5878,5703
1020,0,19,1,0,5,1,0,896,7199,5749
1021,0,19,1,0,5,1,0,898,6818,5753
1023,0,19,0,0,5,1,0,898,5803,-1
1025,0,19,1,0,5,1,0,899,7199,5790
1026,0,19,1,0,5,1,0,924,7199,5809
1027,0,19,1,0,6,1,0,896,7199,5815
1029,0,19,0,0,5,1,0,896,5854,-1
1030,0,19,1,0,5,1,0,899,7199,5923
1031,0,19,1,0,5,1,0,924,5885,5861
1032,0,17,1,0,5,1,0,930,7199,5864
1033,0,19,1,0,5,1,0,901,7199,5884
1034,0,19,1,0,5,1,0,924,7199,5892
1036,0,19,1,0,5,1,0,899,7199,5966
1037,0,19,1,0,5,1,0,899,6384,6090
1038,0,19,1,0,5,1,0,899,7199,6168
1039,0,19,1,0,5,1,0,899,7199,6232
1040,0,19,1,0,5,1,0,899,7199,6265
1042,0,19,1,0,5,1,0,899,7199,6339
1043,0,19,1,0,5,1,0,899,7199,6392
1044,0,19,1,0,5,1,0,901,7199,6399
1045,0,19,0,0,5,1,0,899,6574,-1
1046,0,19,1,0,5,1,0,901,7199,6580
1047,0,19,1,0,5,1,0,901,7199,6705
1048,0,19,1,0,5,1,0,901,7199,6761
1049,0,19,1,0,5,1,0,901,7199,6802
1050,0,19,1,0,5,1,0,901,7199,6826
